WR Doc ID,Water Quantity,Latitude,Longitude,Color
2075742,4.488,45.86637,-120.94973,red
2118185,10.0,47.52026,-117.4521,red
2203747,0.0,46.43818,-122.95964,red
2143641,800.0,46.0371,-118.65608,red
2097059,0.0,47.65,-117.42178,red
4595743,500.0,47.13276,-119.7489,red
2170585,0.0,45.70051,-122.589,red
2250725,0.0,47.25014,-122.11235,red
2134990,179.52,47.71851,-117.34142,red
2139960,1000.0,47.26981,-118.34008,red
2078038,44.88,47.99827,-120.21201,red
2144481,1260.0,46.3074,-119.14675,red
2104536,5.0,46.62612,-117.09867,blue
2081056,480.0,46.13381,-119.05258,red
2071782,5.0,46.55733,-120.59713,red
2203749,0.0,46.17744,-122.91886,red
2140304,3000.0,46.41165,-120.74414,red
2217351,20.0,46.93204,-123.31671,red
2051552,0.0,47.35646,-119.99521,red
2169023,0.0,47.25083,-122.96092,red
2269177,0.0,48.33358,-122.02097,red
2119569,0.0,48.05338,-117.25183,red
2197314,0.0,46.46703,-122.83499,red
2035896,0.13463999999999998,47.98212,-120.17229,red
2050624,0.0,46.99221,-120.59169,red
2049139,15.0,45.7738,-120.89534,red
2085535,300.0,46.26539,-119.63098,red
2165342,0.0,46.70831,-122.96381,red
2069657,4.488,48.35864,-119.74442,red
2062978,0.0,46.59898,-120.43544,red
2070433,0.5,47.05063,-120.67684,red
2213757,112.2,46.71394,-123.00339,red
2277727,13.464,47.77816,-122.17768,red
2105746,4.981680000000001,47.79342,-119.22317,red
2198307,0.0,45.68643,-122.52672,red
2257469,0.0,47.32263,-122.19761,red
2109247,20.0,46.73705,-117.353,blue
2167049,0.0,46.29289,-123.65557,red
2212308,17.952,47.00345,-122.98135,red
2153843,300.0,46.6265,-122.77159,red
2213872,8.976,48.10286,-123.48035,red
2243742,0.0,47.70116,-122.59585,red
2238895,0.0,47.51246,-122.68442,red
2078193,39.4944,46.52039,-120.88756,red
2260972,0.0,47.76921,-121.95974,red
2130200,4.488,48.17731,-118.146065,red
2226404,200.0,47.41061,-122.66337,red
2066897,10.0,46.80488,-120.91923,red
2212793,15.708000000000002,47.21076,-122.28338,red
2240866,0.0,47.39642,-122.51397,red
2228627,20.0,48.942,-122.27657,red
2148744,4.488,47.08922,-122.1346,red
2141020,80.0,46.0293,-118.38088,blue
2206692,22.44,46.5917,-122.59663,red
2268635,1.0,48.47066,-122.85544,red
2207588,269.28,46.78572,-123.06621,red
2143683,897.6,48.31106,-118.23316,red
2256475,0.0,47.33648,-122.02728,red
2276113,134.64,47.24949,-121.96337,red
2205061,0.0,47.10558,-122.39209,red
2167975,0.0,47.35289,-122.64218,red
2137659,150.0,48.63205,-117.92632,red
2255968,0.0,47.58149,-122.08923,red
2043610,0.0,46.22177,-119.79995,red
2170241,0.0,48.1233,-123.11322,red
5725202,400.0,47.116475,-119.699175,red
6802745,650.0,46.49836,-120.21965,red
2209919,4.488,47.46914,-122.98285,red
2095411,14.0,48.25361,-117.74003,red
2154549,0.0,46.41102,-124.04527,red
2246011,0.0,48.08595,-122.1731,red
2283148,11.22,48.80657,-119.70255,red
2209666,8.976,48.07483,-123.47867,red
2137366,70.0,47.29178,-118.03477,red
2134644,89.76,46.05115,-118.38103,blue
2049528,0.0,46.65831,-120.75195,red
2082365,25.0,47.88598,-119.93402,red
2259821,0.0,48.52895,-122.9849,red
2104216,9.963360000000002,48.77676,-118.56101,red
2065167,95.0,47.50163,-120.42095,red
2122387,0.0,46.24896,-119.19058,red
2166117,0.0,47.45464,-122.8112,red
2162961,0.0,45.80193,-122.58948,red
2131035,40.392,48.72625,-117.63218,red
2098992,500.0,47.14402,-119.29685,red
4289287,359.04,48.06335,-123.15413,red
2119860,0.0,48.1451,-117.12312,red
2036285,628320.0,45.86279,-121.49702,red
6801673,2244.0,48.834945,-119.115995,red
2207433,8.976,46.62525,-123.28024,red
2147647,50.0,47.2648,-122.74846,red
2045267,0.0,45.88999,-120.87462,red
2183224,0.0,46.74394,-124.091,red
2199210,0.0,46.46866,-121.87521,red
2090641,44.88,46.72682,-117.0859,blue
2189602,0.0,46.93095,-122.96058,red
2192276,0.0,45.62861,-122.46556,red
2286025,30.0,47.41626,-122.60208,red
2267079,0.0,47.32073,-121.85918,red
2106451,19.9716,48.49411,-117.9626,red
2265463,0.0,48.07219,-121.97975,red
2114367,9.8736,48.23013,-117.09783,red
2060962,0.0,47.18218,-120.86759,red
2040128,0.0,46.57055,-120.49895,red
2203728,0.0,46.20652,-123.14213,red
2103321,0.0,47.65,-117.42178,red
2111110,0.0,47.17003,-119.52279,red
2258214,0.0,48.0653,-122.68359,red
2177915,0.0,46.67082,-123.82987,red
2166484,0.0,47.09079,-122.86812,red
2246076,0.0,47.92808,-122.45264,red
2095854,0.0,47.20999,-119.99433,red
2140414,110.0,45.74049,-121.46878,red
4458499,50.0,46.39471,-122.93868,red
2085603,100.0,46.38276,-120.51281,red
2125968,9.8736,46.69863,-117.49466,blue
2230247,0.0,48.7969,-122.56256,red
2050654,25.0,46.20741,-119.98158,red
2253376,0.0,47.72556,-122.08808,red
2104116,0.0,47.37053,-117.94077,red
2107184,0.0,47.98073,-117.20884,red
2068784,67.0,46.14631,-119.02332,red
2233530,0.0,47.46547,-121.98296,red
2126454,60.0,47.48683,-117.89703,red
2177906,0.0,46.97305,-122.36837,red
2229320,0.0,48.85448,-122.29948,red
2243770,0.0,47.55559,-122.57798,red
2246938,0.0,48.97181,-122.45187,red
6802804,1500.0,47.29964,-118.91306,red
2104327,24.0,47.59971,-117.76344,red
4188337,4.488,48.309565,-118.123465,red
2211008,8.976,46.2987,-122.96123,red
2129876,8.976,46.96314,-118.25602,red
2198907,0.0,47.35336,-123.06801,red
2247448,0.0,47.80221,-122.53072,red
2090871,448.8,47.76567,-117.44299,red
2274113,8.3028,48.73875,-122.36637,red
2190286,0.0,45.59999,-122.32176,red
2236283,0.0,47.49787,-122.57799,red
2137182,25.0,47.66889,-117.91071,red
6802013,8000.0,47.37868,-119.25323,red
2067719,10.0,46.55743,-120.63919,red
2103768,0.0,47.67909,-118.08725,red
2285009,100.0,47.6869,-122.61697,red
2066721,0.0,47.11155,-120.33671,red
6800066,1500.0,47.29964,-118.91306,red
2063518,0.0,46.24947,-119.29554,red
2082434,100.0,46.25565,-119.73477,red
4597562,75.0,46.29462,-119.14453,red
2268633,0.0,47.76921,-121.95974,red
2209326,35.904,46.20125,-123.03877,red
2162512,0.0,46.29344,-122.91726,red
2263388,0.0,48.27548,-122.69138,red
2150801,130.0,46.98907,-122.93934,red
2052856,0.0,47.51659,-120.01646,red
2082056,300.0,46.54942,-120.68421,red
2267823,0.0,47.46877,-122.55658,red
2069072,0.0,48.44586,-119.52734,red
2279344,150.0,48.50682,-122.40852,red
2138800,2500.0,46.58896,-118.92491,red
2232626,0.0,47.77049,-122.34556,red
6800996,20.0,47.63985,-120.22242,red
2224494,4.488,47.76799,-121.89451,red
2103248,1.7952000000000001,46.66415,-117.59175,blue
2203457,0.0,45.78773,-122.56869,red
2226113,27.0,47.43673,-122.0049,red
2272363,14.810400000000001,48.67229,-122.38605,red
2279042,20.0,48.45081,-122.80934,red
2229812,0.0,48.98612,-122.606,red
2224646,224.4,47.39351,-121.45338,red
2058708,0.0,46.57157,-121.00137,red
2211600,4.488,47.19731,-122.52442,red
2145657,28067.952,46.24799,-118.85712,red
2037294,0.0,48.49026,-120.15441,red
2249717,0.0,48.94312,-122.73719,red
2128795,50.0,46.79817,-118.9468,red
2281680,220.0,47.65402,-122.30121,red
2114435,0.0,46.55248,-118.10448,blue
2201282,0.0,47.34801,-123.0467,red
4584438,30.0,48.09421,-123.11313,red
2183575,0.0,46.97141,-122.94828,red
2224713,89.76,47.4686,-122.64207,red
2247159,0.0,47.64296,-122.51041,red
2135428,996.3360000000001,46.847505,-117.646625,blue
2071746,0.0,46.55591,-120.38559,red
4258429,371.0,46.00732,-118.4229,red
2127011,8.976,47.66989,-118.28327,red
2086572,10.0,47.72437,-120.33452,red
2277474,121.17600000000002,47.85084,-121.80666,red
2254297,0.0,47.4662,-122.06902,red
2222658,14810.4,46.82258,-122.30589,red
2049467,0.0,47.08039,-120.67699,red
2135296,224.4,48.92346,-118.73948,red
2092401,300.0,47.78025,-117.25067,red
2248509,0.0,48.41912,-122.60368,red
2244445,0.0,47.65779,-122.68227,red
2040361,2244.0,45.73175,-121.43506,red
2041646,1346.4,45.94664,-120.08452,red
4226082,0.0,47.89006,-117.546185,red
2176921,0.0,47.20743,-122.32737,red
2190351,0.0,46.42557,-124.04497,red
2093394,448.8,48.73338,-118.69345,red
2177921,0.0,46.49758,-124.04416,red
2254053,0.0,47.55554,-122.53539,red
4258269,269.28,46.04771,-118.61949,red
2251426,0.0,47.84211,-122.21741,red
2135254,224.4,48.93779,-118.73964,red
2236211,0.0,48.15923,-122.281,red
2251146,0.0,47.16294,-121.96325,red
2203484,0.0,46.8005,-123.0449,red
2140980,400.0,46.95439,-118.62384,red
2091326,100.0,47.65031,-117.67938,red
2182584,0.0,47.06129,-122.70647,red
2139378,1100.0,47.07091,-119.97486,red
2048712,0.0,48.01287,-118.98474,red
2175109,0.0,45.80159,-122.363,red
2178540,0.0,47.39629,-122.62049,red
2083743,120.0,45.72882,-120.9604,red
2251744,0.0,47.71559,-122.63878,red
2207024,224.4,46.54263,-121.97999,red
2149722,4488.0,47.54361,-123.07262,red
2202513,0.0,47.06154,-122.85467,red
2050938,0.0,46.32433,-119.96862,red
2055559,0.0,47.36973,-120.20791,red
6009393,89.76,46.022065,-118.37304,blue
4201608,47.0,46.02394,-118.32012,blue
6775003,200.0,48.86746,-122.30151,red
2104684,0.0,46.15814,-118.56478,red
2206235,0.0,48.10846,-123.51476,red
2088523,0.0,48.9934,-119.70191,red
2161852,0.0,48.10874,-123.24343,red
6256195,88.0,47.20811,-119.99729,red
2190512,0.0,45.80136,-122.67197,red
2278250,11.0,48.28107,-122.28889,red
2121190,4.9368,47.1499,-118.06415,red
2183942,0.0,47.1634,-122.98108,red
2172575,0.0,47.36733,-122.6421,red
2189388,0.0,45.7576,-122.73354,red
2080256,0.0,47.48726,-120.73795,red
2239185,0.0,48.3336,-121.99898,red
4169820,13.464,46.07306,-118.28111,blue
2170644,0.0,47.19412,-123.1511,red
4646871,987360.0,45.92322,-119.43281,red
2250553,0.0,48.27552,-122.06481,red
2127577,112.2,48.35039,-117.85016,red
2263166,0.0,47.6719,-122.51031,red
2269337,0.0,48.9281,-122.6493,red
2282789,4.488,48.67236,-122.39747,red
2204740,0.0,48.12082,-123.68893,red
2283240,300.0,46.65824,-120.64662,red
2240738,0.0,47.37965,-122.13355,red
2064468,0.0,46.64366,-120.60434,red
2268413,0.0,48.37755,-122.32447,red
2149605,4.488,46.22104,-122.89638,red
6801817,42.0,47.94148,-122.68988,red
2264569,0.0,47.33796,-122.49282,red
2108144,0.0,48.54643,-117.98978,red
2106578,9.8736,47.72223,-117.18617,red
2110170,13.0,46.84717,-119.07946,red
2054977,0.0,47.62048,-120.64364,red
2219942,500.0,47.18942,-122.28225,red
2113693,0.0,47.82348,-117.57238,red
2286158,44.88,47.63037,-122.569,red
2139600,100.0,47.92311,-118.6868,red
6802277,170.544,46.05574,-118.67149,red
2244926,0.0,47.55561,-122.55668,red
2094189,160.0,47.72216,-117.37912,red
2186434,0.0,47.07518,-122.41103,red
2225889,44.88,47.40887,-122.30263,red
2111214,0.0,47.3414,-117.96166,red
2169613,0.0,46.58399,-123.10687,red
2173624,0.0,46.29347,-122.89621,red
6086846,1000.0,47.15269,-122.34926,red
2078624,112.2,46.29025,-119.49922,red
2049085,1.0,45.83056,-120.39766,red
2052003,10.0,48.8494,-119.17642,red
2113962,0.0,48.54744,-117.81362,red
2032175,10.0,48.49786,-122.21232,red
2052243,0.0,46.70226,-120.68911,red
2096201,10.0,46.331,-117.07001,blue
2179220,0.0,46.2936,-122.85521,red
2216258,20.0,46.02362,-122.78592,red
2152997,224400.0,47.72888,-123.13224,red
2190364,0.0,45.83049,-122.61008,red
2246737,0.0,47.437,-122.02641,red
2120344,0.0,46.81879,-117.38248,blue
2234597,0.0,47.7445,-122.63881,red
2207867,17.952,46.42361,-122.83485,red
2111799,0.0,47.60426,-117.57523,red
2278439,3.0,47.60138,-122.5362,red
2088883,31.416000000000004,48.70503,-117.39703,red
2226097,790.0,47.3797,-122.19712,red
2144696,630.0,47.22645,-119.28811,red
2250081,0.0,47.41065,-122.64198,red
2259332,0.0,47.7121,-122.3017,red
2246210,0.0,47.77078,-121.48627,red
2037050,0.0,46.00749,-121.56025,red
2069854,0.0,46.58431,-120.3935,red
4689958,30.0,47.29142,-121.10199,red
2100792,0.0,47.85139,-117.16395,red
2207806,287.232,47.23738,-122.23731,red
2277928,1032.24,47.42483,-122.20974,red
2056701,10.0,46.23651,-119.96825,red
2102252,0.0,48.24552,-118.1883,red
2209498,26.928,46.51124,-122.85606,red
2091115,89.76,46.02756,-118.3358,blue
2133215,6.732,45.83374,-120.27797,red
2063713,35.0,48.40265,-119.54949,red
2079588,1.3464,46.02121,-121.28934,red
2183566,0.0,47.076,-122.96536,red
2082048,160.0,47.53621,-120.29146,red
2070739,4.488,48.73442,-119.89515,red
2262262,0.0,47.70083,-122.53183,red
2275653,4.488,47.45066,-121.96189,red
2222128,19.0,47.22354,-123.21563,red
2175817,0.0,45.67157,-122.6097,red
2150826,40.0,48.07972,-123.15666,red
2152443,807840.0,47.80174,-124.23622,red
2200736,0.0,45.67328,-122.54629,red
2106292,10.0,46.96612,-118.89208,red
6802969,960.0,47.12689,-119.44108,red
2205054,0.0,47.36743,-122.85467,red
2201488,0.0,45.7148,-122.63081,red
2214219,4.488,45.61628,-122.18455,red
2191851,0.0,46.30788,-122.8963,red
2073167,450.0,45.90292,-120.27294,red
2263539,0.0,47.78765,-122.68144,red
2152634,224.4,48.07973,-123.24336,red
2033287,4.488,47.83927,-120.81286,red
4449918,18.0,48.19851,-122.52976,red
5604959,0.0,47.17846,-120.82535,red
2240012,0.0,47.93313,-122.59555,red
2274012,4.488,47.35061,-122.28126,red
2277575,897.6,47.77824,-122.18842,red
2078275,1270.104,46.53077,-120.76418,red
2208735,89.76,46.62872,-122.97946,red
2240516,0.0,48.17416,-122.17235,red
2222527,300.0,45.803,-122.46583,red
2087878,41.2896,48.96581,-119.10952,red
2093790,1040.0,46.77435,-119.92878,red
2059259,0.0,46.57055,-120.49895,red
2215297,100.0,47.00786,-122.33102,red
2186542,0.0,46.98807,-123.56461,red
2272303,4.488,48.67953,-122.31575,red
2057461,0.0,47.06602,-120.48813,red
2185933,0.0,46.9607,-123.04593,red
2266374,0.0,48.46445,-122.32485,red
2135146,4.488,48.54631,-118.13922,red
2208400,13.464,47.28189,-123.42779,red
2202091,0.0,48.10878,-123.17842,red
4710984,71.808,46.31866,-117.98353,blue
2225429,22.44,47.92858,-121.89526,red
2169440,0.0,45.70047,-122.60992,red
2203054,0.0,46.95987,-122.64344,red
2249971,0.0,47.60997,-122.17493,red
2184673,0.0,46.52826,-121.91807,red
2203221,0.0,47.35221,-123.15376,red
2110843,0.0,46.05668,-118.37834,blue
2218421,3.0,46.92556,-123.05925,red
2054531,10.0,46.58561,-120.60431,red
2253780,0.0,48.43569,-122.3244,red
2065491,0.0,46.6136,-120.3508,red
2161091,0.0,46.64154,-123.252,red
6721777,5.0,48.94914,-118.98542,red
2081010,250.0,46.70753,-120.73916,red
2034248,200.0,48.09902,-120.00394,red
2195078,0.0,46.51237,-124.05639,red
2120922,10.0,47.96077,-117.20088,red
2239736,0.0,47.57994,-121.92037,red
2110986,0.0,47.88214,-117.33651,red
2235949,0.0,47.77343,-122.59599,red
2154566,0.0,48.0355,-122.98303,red
2110829,0.0,48.66094,-118.73725,red
2195451,0.0,45.77499,-121.51734,red
2117416,0.0,47.13064,-117.0744,red
2276306,17.952,47.52485,-122.55423,red
2237455,0.0,48.20312,-122.66997,red
2126956,1.0,47.52894,-117.24954,red
2156239,0.0,46.32229,-122.77248,red
2074283,3.4,46.39694,-120.72292,red
2089621,2200.0,47.0266,-119.63661,red
2168507,0.0,46.48313,-124.04383,red
2079317,713.5920000000001,48.34659,-120.04371,red
2046969,7.0,47.48715,-120.3136,red
2066768,10.0,48.90886,-119.26517,red
2065342,10.0,48.28647,-119.70095,red
2113304,0.0,47.92555,-117.42243,red
2265897,0.0,48.02957,-121.69993,red
2176479,0.0,48.03626,-123.32945,red
2260718,0.0,48.02938,-122.04306,red
2106248,25.0,47.0853,-119.24159,red
2261077,0.0,47.56738,-122.23764,red
2257567,0.0,48.81123,-122.32188,red
2183717,0.0,47.10558,-122.39209,red
2136777,170.544,48.8583,-117.59312,red
2209198,8.976,45.89028,-122.42357,red
2042129,5.0,46.90522,-121.04523,red
2058749,0.0,46.64265,-121.00213,red
2108752,0.0,47.3266,-118.13269,red
2253963,0.0,48.45626,-122.85554,red
2285649,1997.16,48.11557,-121.85088,red
2247492,0.0,47.77289,-122.5525,red
2034299,160.0,48.53401,-120.17606,red
2116301,0.0,46.31685,-117.98089,blue
2277376,67.32,47.40849,-122.34548,red
2256613,0.0,48.27614,-121.69663,red
2239608,0.0,47.62864,-122.4892,red
2085258,20.0,48.44774,-119.54095,red
6128807,1500.0,47.76368,-117.35497,red
2110277,0.0,48.30168,-117.98576,red
2130413,94.6968,47.56035,-117.41992,red
2056801,0.0,46.3682,-120.15699,red
2241589,0.0,47.84195,-122.19652,red
2216477,25.0,46.93998,-122.81003,red
2132697,32762.4,45.85839,-119.81591,red
2051344,0.0,48.60527,-119.61459,red
2122996,20.0,47.27384,-118.21141,red
2033280,8.976,48.77783,-119.28681,red
2197032,0.0,47.49604,-123.78598,red
2120309,0.0,48.04084,-117.61871,red
2158570,0.0,46.74223,-123.15079,red
2041919,0.0,46.35368,-120.15705,red
2270298,0.0,47.7869,-122.511,red
2105208,0.0,47.83885,-117.7452,red
2060260,0.0,46.61402,-120.47761,red
2174700,0.0,47.01797,-122.98127,red
2144260,20.0,47.47083,-117.33621,red
2203887,0.0,45.69028,-122.5623,red
2261045,0.0,48.8697,-122.49696,red
2116091,0.0,48.62209,-117.53321,red
2053624,0.0,46.32308,-119.48245,red
2205693,0.0,47.20698,-122.51719,red
2152834,134640.0,46.26189,-122.23012,red
2263327,0.0,47.99985,-122.10867,red
2260334,0.0,47.512,-122.59949,red
2216213,60.0,45.60845,-122.49818,red
2248199,0.0,48.89914,-122.47518,red
2081468,550.0,46.31138,-119.86579,red
2069047,50.0,46.36821,-120.17799,red
2274304,31.416000000000004,47.68488,-122.68452,red
2163629,0.0,46.65555,-123.06658,red
2250458,0.0,47.49789,-122.55639,red
4182596,825.792,47.25109,-118.06531,red
2238848,0.0,48.99785,-122.58451,red
2105453,0.0,47.36877,-117.4884,red
2119311,0.0,48.31566,-117.87873,red
2201865,0.0,45.75809,-122.63075,red
2183191,0.0,46.98953,-122.53315,red
2048231,0.0,47.03593,-120.6346,red
2141051,22.0,48.60379,-118.11724,red
2218450,5.0,46.79907,-123.333,red
2073147,0.0,45.7744,-120.99996,red
4693109,396.0,47.25202,-120.08705,red
2243285,0.0,47.76965,-122.23863,red
2277740,1346.4,47.74541,-121.0905,red
2128455,20.0,46.33006,-118.4367,blue
2095309,240.0,46.04735,-118.45352,red
2203762,0.0,46.13403,-122.91911,red
2107348,0.0,47.32517,-117.46697,red
2065249,0.01,46.23647,-119.84194,red
2193310,0.0,47.22078,-122.38896,red
2251135,0.0,48.75319,-122.19162,red
2206014,0.0,48.10846,-123.51476,red
2063290,0.0,46.57102,-120.60432,red
2221646,68.0,46.46583,-122.16496,red
2200347,0.0,45.75905,-122.44511,red
2061220,0.0,46.23657,-119.86291,red
2179499,0.0,47.83152,-122.87549,red
2079737,179.52,46.88626,-120.79474,red
2237856,0.0,47.61219,-122.51057,red
2275057,8.976,48.1036,-121.39375,red
2197365,0.0,47.16195,-123.50046,red
2085827,40.0,46.17946,-119.27442,red
2072172,5.0,48.89438,-119.41867,red
2172511,0.0,46.91727,-122.5357,red
2070871,71.808,47.85802,-120.20508,red
2052085,24.0,46.42552,-120.26197,red
2087845,0.0,45.74545,-121.02079,red
2286112,673.2,48.47854,-122.28047,red
2096309,35.904,48.316,-117.81372,red
2269428,0.0,47.19195,-122.02681,red
2136106,538.56,46.04377,-118.52625,red
2152976,112200.0,47.70031,-123.75146,red
2116864,15.0,46.43795,-117.41476,blue
2105419,0.0,46.21895,-119.00264,red
2224100,500.0,48.42082,-122.43296,red
2192416,0.0,47.10527,-122.89661,red
2034590,2500.0,46.00599,-119.5497,red
2219590,30.0,46.96313,-123.02729,red
2102303,12.0,46.44371,-119.04805,red
2158986,0.0,47.03362,-124.03681,red
2284342,24.684,47.80226,-122.63862,red
2166545,0.0,47.10527,-122.89661,red
2075964,448.8,48.30274,-119.81259,red
2216252,10.0,48.10286,-123.48035,red
2091722,2500.0,46.83185,-119.54907,red
2042691,0.0,46.33862,-120.30441,red
2254143,0.0,48.23184,-122.12823,red
2256610,0.0,47.682,-122.08947,red
2137220,9.0,48.14113,-117.64713,red
2051660,250.0,48.48935,-119.61416,red
2105933,224.4,47.79065,-117.91448,red
2187300,0.0,46.51197,-124.04381,red
5725631,120.0,47.11107,-119.70363,red
2263856,0.0,47.65746,-122.51034,red
2159519,0.0,45.87352,-122.71152,red
2204522,0.0,46.74348,-122.9773,red
4680194,90.0,47.68849,-122.66826,red
2114543,0.0,48.64675,-118.11755,red
2153975,0.0,46.39249,-123.83796,red
2245209,0.0,48.04288,-122.1088,red
2274612,40.392,48.94233,-122.43029,red
2252381,0.0,47.8994,-121.89512,red
2070007,4.488,48.24321,-119.83114,red
2195729,0.0,45.77205,-122.71301,red
2084642,1200.0,48.28111,-119.71421,red
6574470,0.0,46.42431,-119.2701,red
2060664,0.0,46.93416,-120.40167,red
2214752,0.0,45.96384,-122.33349,red
2266302,0.0,47.95684,-122.40858,red
4692365,71.808,47.158595,-120.79933,red
2156568,0.0,46.97422,-122.72796,red
4520036,2000.0,47.29244,-118.77928,red
2050765,0.0,47.75001,-119.39516,red
2224080,8.976,48.32465,-122.01829,red
2147482,152.0,48.09421,-123.11313,red
2276135,4.488,47.80496,-122.3749,red
4256467,25.0,48.1574,-122.59056,red
2207895,8.976,46.33459,-122.69613,red
2058984,10.0,46.61433,-120.54066,red
4144421,300.0,45.7535,-120.85164,red
2263164,0.0,47.6719,-122.51031,red
2217905,110.0,45.70975,-122.55522,red
2208613,8.976,47.19253,-123.0234,red
2063755,10.0,46.23658,-119.92611,red
2061755,0.0,45.96273,-120.87454,red
2185875,0.0,46.82901,-123.1075,red
2076874,49.368,47.84107,-120.78289,red
2275724,4.488,47.79313,-122.20515,red
2065180,0.0,46.58561,-120.6253,red
2222016,350.064,46.60098,-121.69514,red
2048529,0.0,46.03336,-119.87685,red
2215091,48.0,47.94148,-122.68988,red
2184042,0.0,47.10511,-122.95988,red
2204924,0.0,47.19313,-123.06661,red
2048403,0.0,46.58561,-120.60431,red
2144551,70.0,46.322265,-117.996695,blue
4663897,121.17600000000002,46.34749,-119.25595,red
2248577,0.0,47.41065,-122.64198,red
2042968,800.0,47.51703,-120.48597,red
2155644,0.0,47.26561,-123.11139,red
2225598,44.88,47.36501,-122.30253,red
2249122,0.0,47.55559,-122.57798,red
2278864,25.0,48.70473,-122.90365,red
2216445,66.0,47.07367,-122.44044,red
2055110,0.0,47.42784,-120.29229,red
2264916,0.0,48.26083,-122.25874,red
2168939,0.0,46.51197,-124.04381,red
2247092,0.0,48.26104,-121.93419,red
2084211,90.0,47.52607,-120.48879,red
2271671,0.0,48.51984,-121.47156,red
2207959,336.6,46.88251,-123.28428,red
2210643,17.952,48.0624,-123.60087,red
2180363,0.0,46.78628,-123.02388,red
2271286,0.0,47.35068,-122.17608,red
2047350,0.0,46.20501,-119.08617,red
2264537,0.0,48.11517,-122.10877,red
2106686,0.0,47.92543,-117.35835,red
2191139,0.0,47.03113,-122.36858,red
2184475,0.0,46.30775,-122.75156,red
2268642,0.0,48.75332,-122.36635,red
2136961,179520.0,47.68413,-117.32792,red
2110316,0.0,47.89618,-118.8831,red
2188127,0.0,45.64344,-122.36268,red
2195467,0.0,45.77499,-121.51734,red
2063427,4488.0,48.74771,-119.00089,red
2047396,4488.0,48.40272,-119.57112,red
2060178,15.0,46.2512,-119.92615,red
2067219,4.9368,48.89335,-119.76657,red
2184004,0.0,47.22093,-122.5158,red
2099101,0.0,47.42775,-118.28217,red
2190158,0.0,46.94513,-122.55845,red
2160706,0.0,45.67211,-122.50587,red
2134747,116.688,46.07304,-118.2759,blue
2228139,4488.0,48.86745,-121.66319,red
2276780,44.88,47.29885,-122.25777,red
2274980,4.488,48.71016,-122.43295,red
2037982,10.0,48.74884,-119.41837,red
2091116,89.76,47.98375,-117.76801,red
2113471,15.0,46.24695,-119.12497,red
6800013,1200.0,47.63985,-118.73471,red
2264655,0.0,48.05738,-122.15157,red
2037803,600.0,46.83335,-120.68726,red
2159366,0.0,48.02005,-122.70244,red
2110912,0.0,48.3017,-118.05114,red
2054894,0.0,46.44088,-120.46951,red
2118184,40.0,47.52026,-117.4521,red
2230890,0.0,48.99778,-122.45183,red
2089146,8.976,48.1126,-117.77683,red
2189294,0.0,46.75753,-123.23557,red
2129740,0.0,46.0567,-118.56528,red
2261271,0.0,47.62857,-122.51044,red
2268201,0.0,48.00014,-122.00052,red
6221511,72.93,47.08233,-120.69032,red
2215270,60.0,46.96158,-122.83117,red
2074985,0.0,48.47589,-120.1763,red
2049157,10.0,48.34426,-119.70076,red
2144495,150.0,46.84172,-119.66507,red
2053880,0.0,47.852,-119.75983,red
2151948,179520.0,45.76117,-121.61967,red
2109613,0.0,47.21242,-119.80004,red
2202505,0.0,47.36772,-122.98246,red
2246676,0.0,47.78495,-122.32463,red
2127474,448.8,47.87667,-117.71099,red
2258311,0.0,48.05733,-122.1088,red
2136057,5.8344,46.02566,-118.41751,red
2246763,0.0,47.51212,-122.62064,red
2116187,3.0,47.60459,-117.74738,red
2201245,0.0,47.35264,-122.57863,red
2033468,35.904,47.98493,-118.92142,red
2043555,12.0,46.2512,-119.884,red
2121378,0.0,46.21918,-119.06562,red
2206537,8.976,45.62378,-122.05609,red
2048458,0.0,47.06602,-120.48813,red
2204365,0.0,45.70047,-122.60992,red
2186585,0.0,47.25083,-122.96092,red
2173966,0.0,48.05062,-123.09154,red
2185862,0.0,47.30846,-122.87609,red
2105607,0.0,46.24885,-119.14855,red
2056011,4488.0,48.57535,-119.36001,red
2102003,0.0,48.57642,-117.85764,red
2270391,0.0,47.44003,-122.51382,red
2151378,244596.0,45.67256,-122.13614,red
2178380,0.0,47.32316,-122.7889,red
2137910,55.0,46.21348,-118.91675,red
2193143,0.0,47.35332,-122.94016,red
2074608,5.0,47.5751,-120.63596,red
6804839,1.0,46.0508,-118.7426,red
2279951,35.0,48.31084,-122.65775,red
2246657,0.0,47.40853,-122.21775,red
2122877,0.0,47.23581,-119.83471,red
2150982,8.976,46.22103,-122.87576,red
2266028,0.0,47.4806,-122.06889,red
2276565,67.32,47.66305,-122.74844,red
2046170,0.0,46.23625,-119.75827,red
2273478,8.976,48.66706,-122.41135,red
2095368,0.0,48.73359,-118.73801,red
5525745,8.976,47.49484,-123.31698,red
2176438,0.0,47.10558,-122.39209,red
2149285,13.464,45.81612,-121.91195,red
2104675,2.244,46.00814,-117.40765,blue
2106618,0.0,47.73718,-117.50752,red
2094859,2200.0,47.0645,-119.01329,red
2068419,4488.0,48.80683,-119.33054,red
2139885,115.0,46.56586,-120.73348,red
2275085,15.708000000000002,47.38167,-122.51396,red
2087865,224.4,47.38536,-120.31305,red
2171624,0.0,45.71553,-122.52673,red
2134322,224.4,46.05485,-118.3434,blue
4260700,455.0,48.98065,-122.42671,red
2147125,20.0,47.00026,-122.22497,red
2063285,60.0,46.68731,-120.56265,red
4167411,33.0,47.84758,-122.60905,red
6268941,8.976,46.66689,-117.37916,blue
2271139,0.0,48.04421,-122.49645,red
2149073,89.76,46.48129,-122.77205,red
2207258,8.976,46.54263,-121.97999,red
2150271,40.0,48.10887,-123.13485,red
2253760,0.0,47.46592,-122.02605,red
2249499,0.0,48.02706,-122.38659,red
4710323,0.0,47.22373,-120.91281,red
2219758,90.0,46.9016,-122.51794,red
2123407,0.33,47.72436,-117.44053,red
2111726,40.0,47.25918,-119.67424,red
2106967,0.6944,48.20105,-117.72624,red
2062764,0.0,46.3095,-119.94727,red
2042118,10.0,48.31589,-120.04664,red
2173708,0.0,46.53952,-122.772,red
2037906,500.0,46.41156,-120.38592,red
2201504,0.0,45.94568,-122.52489,red
2185943,0.0,46.71367,-122.98189,red
2245858,0.0,48.26093,-121.89019,red
2242021,0.0,47.637,-121.89635,red
2035014,500.0,45.93439,-121.06153,red
2089580,1000.0,47.18191,-119.7388,red
2227006,199.716,47.62262,-121.96007,red
2035570,4.488,48.69062,-119.26478,red
2247693,0.0,47.39416,-122.13343,red
2240575,0.0,47.71169,-122.24028,red
2168976,13.0,45.70158,-121.8898,red
2073636,0.0,46.59921,-120.45646,red
2169325,0.0,46.95956,-122.53722,red
2172751,0.0,45.75767,-122.69244,red
2089606,280.0,47.08568,-119.60371,red
2171518,0.0,47.03242,-122.83378,red
2070671,0.0,46.59898,-120.43544,red
2172384,0.0,45.8462,-122.44506,red
2242960,0.0,48.3193,-122.04275,red
2250999,0.0,47.70093,-122.55335,red
2083300,180.0,48.64784,-119.54913,red
2072993,8.976,47.29679,-120.35629,red
6561164,115.0,46.04449,-118.66117,red
2124265,30.0,47.14041,-119.32347,red
2268685,0.0,48.18835,-122.15112,red
2099102,200.0,47.75115,-117.05847,red
2283084,49.368,47.58634,-120.25013,red
2105030,1500.0,46.92267,-119.0627,red
2108005,60.0,48.016175,-117.43123,red
2247729,0.0,48.08721,-122.56133,red
5358516,156.0,46.04142,-118.72929,red
2107210,3.5904000000000003,46.06023,-117.28703,blue
2170699,0.0,47.49868,-122.8113,red
2221010,300.0,47.05106,-122.21827,red
2285286,120.0,47.50511,-121.8041,red
2146829,8.976,46.6498,-118.51691,red
2147937,13.464,46.26464,-122.83483,red
2050840,0.0,46.46965,-120.38568,red
2199430,11.0,45.81575,-122.69266,red
2089077,60.0,47.76743,-117.39781,red
2150798,35.0,46.97439,-122.85495,red
2206746,20.196,46.54889,-122.27088,red
2046406,120.0,48.38811,-119.59268,red
2180248,0.0,48.1088,-123.22188,red
2115016,0.0,47.57282,-117.4435,red
2128071,15.0,47.00145,-117.15479,red
2278453,13.0,47.62841,-122.7246,red
2189365,0.0,46.84395,-122.98096,red
2133817,300.696,46.272,-118.16637,blue
2101243,0.0,47.57306,-118.49636,red
2233940,0.0,47.56738,-122.23764,red
2248119,0.0,47.35095,-121.88023,red
2236145,0.0,48.33382,-122.15031,red
6559089,1600.0,47.09927,-119.04213,red
2257387,0.0,48.87009,-122.58431,red
2240318,0.0,47.72534,-122.11021,red
2113659,0.0,48.02633,-117.61876,red
2059725,15.0,48.9666,-119.44063,red
2081071,325.0,46.53135,-120.83913,red
2067628,0.0,46.93306,-121.05826,red
2187468,0.0,47.30822,-122.79091,red
4285042,200.0,47.23025,-119.30406,red
2032830,43.0848,48.2755,-120.08167,red
2267601,0.0,47.81363,-121.57433,red
2184446,0.0,46.94553,-122.96071,red
2135521,44.88,48.84386,-117.61545,red
2153180,22440.0,46.92981,-123.68697,red
2136745,1234.2,48.38883,-117.38123,red
2188133,0.0,47.32269,-122.62128,red
2284186,4.488,48.66671,-122.36728,red
2235071,0.0,47.82759,-121.83029,red
2151576,244596.0,45.67256,-122.13614,red
2043705,45.0,46.68652,-120.47712,red
6574784,0.0,47.95444,-119.86218,red
2139236,2500.0,47.077675,-119.67397,red
2176378,0.0,47.45461,-122.98295,red
2234888,0.0,47.94152,-122.00172,red
6800906,40.4,47.41781,-122.30005,red
2284232,448.8,47.376125,-121.964265,red
2187035,0.0,47.06049,-123.08524,red
2128308,50.0,46.23142,-117.9525,blue
2190837,0.0,46.2777,-123.45165,red
2140201,50.0,46.65247,-120.55949,red
2055059,897.6,48.22086,-119.42558,red
2089537,400.0,47.12582,-119.56626,red
2128674,5.0,48.1148,-117.61926,red
2056778,0.0,47.22678,-121.18554,red
2113605,0.0,48.24495,-117.25169,red
2216463,26.0,47.65741,-122.93833,red
2199093,0.0,47.26475,-122.62157,red
2137004,0.0,48.77934,-117.42181,red
2256080,0.0,47.48305,-122.64242,red
2234657,0.0,48.88455,-122.64958,red
2093704,22440000.0,46.64298,-119.90578,red
2169388,0.0,45.72898,-122.67194,red
4226073,0.0,47.95174,-117.5557,red
2261711,0.0,48.68343,-122.92535,red
2123847,10.0,46.78217,-117.08542,blue
2202648,0.0,47.81715,-122.87536,red
2209891,62.83200000000001,46.53061,-122.59279,red
2190957,0.0,47.32316,-122.7889,red
2120027,0.0,47.91082,-117.33683,red
2152506,448800.0,46.78497,-123.84917,red
4413480,120.0,46.04183,-118.50282,red
2077727,179.52,47.32409,-120.36388,red
2255052,0.0,47.63856,-122.0895,red
2045307,12.0,46.19092,-119.10688,red
2212081,67.32,46.65566,-122.98295,red
2150191,360.0,46.52524,-122.91814,red
2222620,1166.88,46.62681,-122.87668,red
2206892,8.976,46.98041,-123.02196,red
2190279,0.0,45.60001,-122.34249,red
2268959,0.0,47.87105,-121.80997,red
2248323,0.0,47.59957,-122.6829,red
2102819,0.0,47.70739,-118.51653,red
2112857,10.0,47.60419,-117.46481,red
2245079,0.0,48.69709,-123.02032,red
2142717,110.0,48.34261,-117.73144,red
4199783,50.0,47.0758,-122.77005,red
2140459,20.0,46.02196,-118.39151,blue
2090105,179.52,48.72218,-118.0329,red
2242639,0.0,47.3365,-122.15496,red
2252593,0.0,47.55066,-121.89811,red
2242048,0.0,47.98549,-122.06571,red
2100681,0.0,46.23782,-117.77279,blue
2112630,0.0,48.04147,-117.74655,red
2230496,0.0,47.70122,-122.63856,red
2252518,0.0,48.0999,-122.17337,red
2187969,0.0,45.69028,-122.5623,red
2238876,0.0,48.29037,-122.34668,red
2062073,0.0,46.38217,-120.30417,red
2140578,30.0,45.93498,-119.63186,red
2187661,0.0,46.55391,-122.73004,red
2147115,1300.0,45.75851,-122.58916,red
2200041,0.0,46.97439,-122.85495,red
2104553,130.0,47.35642,-119.32521,red
2036914,67320.0,47.41523,-120.31376,red
4261771,3600.0,47.0815,-119.50295,red
2271251,0.0,48.54362,-123.15679,red
2187888,0.0,47.06115,-122.749,red
2254929,0.0,47.42267,-122.02639,red
2176903,0.0,45.77374,-122.44501,red
2120668,0.0,48.6077,-117.55499,red
2260007,0.0,48.40639,-122.36802,red
2045045,0.0,47.02255,-120.44467,red
2055104,0.0,46.94798,-120.52826,red
2171191,0.0,45.65779,-122.42432,red
2201400,0.0,47.27918,-122.76973,red
2190865,0.0,46.26428,-122.93793,red
2247897,0.0,47.72993,-122.61735,red
2051222,0.0,46.96371,-120.80434,red
2241344,0.0,48.7531,-122.34452,red
2279417,1000.0,47.61104,-122.03277,red
2121498,10.0,47.04694,-118.15945,red
2244801,0.0,47.65761,-122.76716,red
2251905,0.0,48.08595,-122.1731,red
2240111,0.0,47.26464,-122.32445,red
2100603,0.0,48.82092,-118.14018,red
2063357,2244.0,47.48715,-120.3136,red
2224351,4.488,48.47871,-122.12717,red
2105306,0.0,46.31681,-117.9598,blue
2126985,15.0,48.5818,-117.93359,red
2210732,8.976,46.95987,-122.64344,red
2056409,12.0,46.33825,-120.00965,red
2104612,9.963360000000002,48.6325,-117.79311,red
2269464,0.0,47.78765,-122.68144,red
2265994,0.0,47.27888,-122.04885,red
2033840,6732.0,46.03664,-121.18693,red
2044968,0.0,47.00863,-120.33686,red
2116193,0.0,47.65055,-118.04443,red
2075045,0.0,46.99209,-120.54981,red
2279745,55.0,48.21554,-122.62363,red
2199782,0.0,47.25007,-122.34651,red
6726434,400.0,45.65662,-121.18982,red
2158321,0.0,45.68643,-122.52672,red
2277864,22.44,47.49052,-122.28902,red
2278752,300.0,47.59435,-122.70695,red
2162230,0.0,46.94524,-122.64347,red
2217217,10.0,45.70995,-121.77578,red
2252609,0.0,47.46882,-122.57825,red
2097112,0.0,46.55514,-119.18489,red
2232582,0.0,48.37738,-122.21596,red
2052233,0.02,46.88982,-120.30798,red
2066242,897.6,45.94719,-120.48006,red
2244626,0.0,47.88559,-121.80994,red
2222856,1390.0,48.12325,-123.13475,red
2182092,0.0,46.86413,-124.05474,red
2203630,0.0,46.69893,-122.89779,red
2032440,22.44,47.85363,-120.83448,red
2250818,0.0,47.44855,-121.74846,red
2113350,0.0,48.05357,-117.29544,red
2066431,8.976,47.80803,-120.10428,red
2126232,1.0,47.77973,-117.10021,red
6804903,136.88400000000001,47.9058,-120.209895,red
2238214,0.0,47.77343,-122.59599,red
2058769,0.0,46.90496,-120.8132,red
2033610,632.808,46.54214,-120.4487,red
2089811,300.0,47.13475,-118.37378,red
2204527,0.0,45.64748,-122.62164,red
2102458,0.0,48.63654,-117.53281,red
2238473,0.0,47.79856,-122.21757,red
2181071,0.0,45.67157,-122.6097,red
2087703,34647.36,48.22859,-120.11978,red
2239553,0.0,48.97182,-122.71478,red
2056118,20.0,47.33955,-120.75662,red
2109573,134.64,48.53207,-118.22786,red
2114393,0.0,47.67886,-117.22898,red
2057753,15.0,46.67264,-120.56239,red
2108172,0.0,47.02775,-117.24386,red
2179456,0.0,45.65705,-122.60953,red
2114130,0.0,48.55918,-118.15424,red
2076003,4.488,48.63193,-119.19839,red
2108239,0.0,46.05668,-118.37834,blue
2146367,50.0,46.72813,-118.05337,blue
2157612,0.0,46.97531,-123.04591,red
2208044,8.976,47.06049,-123.08524,red
2033710,4.488,48.40265,-119.54949,red
2263173,0.0,48.26112,-122.34672,red
2277903,673.2,48.46925,-122.1249,red
2163386,0.0,45.803,-122.46583,red
2126322,0.0,48.27196,-117.36786,red
2112665,0.0,47.44367,-118.92463,red
2207992,8.976,46.55196,-122.29691,red
2083195,450.0,48.62975,-119.4613,red
2240967,0.0,48.8117,-122.56267,red
2068357,20.0,48.37446,-120.242,red
2229083,40.0,47.34523,-121.94639,red
2214159,429.9504,46.97422,-122.72796,red
2228561,30.0,48.88458,-122.60578,red
4690872,270.0,47.0473,-122.27666,red
2150609,70.0,46.97348,-123.87091,red
2234124,0.0,47.65761,-122.70352,red
2239224,448.8,48.63283,-122.9965,red
2037168,0.0,47.34106,-120.229,red
2113273,0.0,47.55797,-117.31457,red
2211753,134.64,48.09607,-123.24071,red
2270004,0.0,47.36515,-121.98436,red
2041962,0.0,46.1759,-119.04422,red
2055204,0.0,46.97908,-120.31552,red
2111588,0.0,48.12801,-117.57549,red
2171529,0.0,46.09041,-122.81554,red
2183809,0.0,46.59738,-122.52109,red
2133075,4.488,46.13991,-118.40405,blue
2092525,30.0,46.3168,-118.00184,blue
2051172,0.0,46.39733,-120.53371,red
2152212,179520.0,45.76117,-121.61967,red
2035854,2993.496,45.61481,-121.18764,red
2134822,62.83200000000001,45.94936,-118.3221,blue
2265450,0.0,47.87174,-121.74538,red
2192683,0.0,47.35277,-122.79058,red
2080100,7082.064,47.87798,-120.13237,red
4214378,300.696,46.67468,-120.70768,red
2152450,11220.0,47.25121,-123.08707,red
2043783,0.0,47.02127,-120.55041,red
2266285,0.0,47.49761,-122.59952,red
2130901,8.976,48.65487,-118.145135,red
2080781,155.0,47.37518,-120.1624,red
2160708,0.0,45.75809,-122.63075,red
2262553,0.0,47.45098,-121.9833,red
2225764,4.488,48.6238,-122.36861,red
2126542,14.810400000000001,46.45124,-117.1811,blue
2081902,50.0,46.3179,-119.51201,red
2210864,8.976,47.391,-122.99641,red
2226533,125.0,47.22099,-122.0909,red
2214018,4.488,46.88477,-122.84718,red
2056213,0.0,46.27936,-119.48383,red
2098782,0.0,46.5366,-118.06254,blue
2034034,673.2,48.90886,-119.44058,red
2048556,0.0,46.2514,-119.77888,red
2060339,5.0,46.41156,-120.38592,red
2227331,448.8,47.75451,-122.17475,red
2052470,16.0,48.85086,-119.39654,red
2234146,0.0,47.48301,-122.51378,red
2034485,50.0,46.71631,-120.5206,red
2064410,897.6,48.4892,-119.74413,red
2041891,0.0,46.33836,-120.03049,red
2042562,13464.0,48.49046,-120.17629,red
2063490,0.0,46.2948,-119.94673,red
2033373,26.928,48.35972,-120.35054,red
2113517,0.0,46.33148,-117.83339,blue
2166703,0.0,46.45274,-121.89602,red
2116686,0.0,48.51807,-117.64329,red
2164407,0.0,45.90343,-122.71219,red
2257615,0.0,47.85682,-121.70197,red
2248426,0.0,47.65753,-122.78855,red
2206303,8.976,47.06049,-123.08524,red
2094378,350.0,48.12911,-118.18292,red
2117579,0.0,46.04212,-118.29396,blue
2228855,360.0,48.0439,-122.53986,red
4726629,180.0,46.99426,-122.99984,red
2075919,4.488,45.84089,-120.93412,red
2167540,0.0,46.53957,-122.33621,red
2067374,0.0,46.19092,-119.10688,red
2133005,444.312,48.03956,-119.55774,red
2231759,0.0,47.78262,-122.49528,red
2182931,0.0,47.11944,-122.4291,red
2167332,0.0,46.93086,-122.83381,red
2040133,0.0,46.57074,-120.52005,red
2075706,8.976,45.98531,-120.81912,red
2075658,224.4,45.85881,-120.75263,red
2193289,0.0,46.19209,-122.91844,red
2217969,116.0,47.0758,-122.77005,red
2253736,0.0,47.36536,-121.88019,red
2282866,50.0,48.15727,-122.13263,red
4169281,58.344,47.31127,-120.3774,red
2236719,0.0,48.86928,-122.36455,red
2144694,5000.0,46.37444,-118.95964,red
2061620,25.0,45.83169,-120.87449,red
2111081,10.0,47.55981,-117.31726,red
2265916,0.0,48.88447,-122.43136,red
2242613,0.0,48.26104,-121.93419,red
2048478,0.0,46.57074,-120.52005,red
2161271,0.0,46.98873,-122.76779,red
2275326,8.976,47.17562,-121.9816,red
2235350,0.0,48.5519,-122.36751,red
2180431,0.0,47.1047,-122.45329,red
4542847,50.0,48.30692,-117.86978,red
4194199,310.0,47.369,-122.59711,red
2242856,0.0,47.41076,-122.55714,red
2041871,15.0,48.90915,-119.41878,red
6802183,1000.0,47.14704,-118.69483,red
2119317,0.0,48.02469,-117.29533,red
2262077,0.0,47.42518,-122.68445,red
2081382,50.0,46.5406,-120.47226,red
2106917,15.0,46.25435,-119.1563,red
2143832,8.976,48.57818,-117.33761,red
2222394,40.0,46.82924,-123.06521,red
2204120,0.0,47.20743,-122.32737,red
2096706,0.0,48.0554,-117.61945,red
2166591,10.0,45.73178,-121.53814,red
2093811,0.0,48.41656,-118.16059,red
2035392,8.976,48.8214,-119.39659,red
2070810,0.0,46.57074,-120.52005,red
2283782,2250.0,47.80794,-119.26636,red
2195045,0.0,45.64376,-122.39892,red
2207153,8.976,46.66471,-122.94767,red
2277462,13.464,47.81052,-122.15657,red
2144199,500.0,48.3175,-117.74175,red
2045251,4488.0,48.93759,-119.44034,red
2137870,10.0,48.76225,-118.64779,red
2214230,89.76,47.00798,-123.46847,red
2201139,0.0,46.5683,-122.68821,red
2260700,0.0,47.49756,-122.62094,red
2247082,0.0,47.65768,-122.63944,red
2041032,30.0,46.29495,-120.05172,red
2155688,0.0,47.00258,-123.50136,red
2187117,0.0,46.787,-124.08956,red
2209458,287.232,46.75789,-124.0719,red
2209289,44.88,47.21894,-122.29491,red
2103484,0.0,47.18222,-119.88586,red
2147971,31.416000000000004,46.80062,-123.29814,red
2231037,0.0,48.30381,-121.52272,red
2060894,13.0,46.46975,-120.42775,red
2114161,5.0,47.13299,-119.31822,red
2221331,179.52,46.84214,-122.18236,red
2064475,0.0,47.06526,-120.67698,red
2186256,0.0,47.09045,-122.79128,red
2264791,0.0,48.31878,-122.69108,red
2188470,0.0,46.92985,-122.2223,red
2248465,0.0,47.37961,-122.00566,red
2229560,0.0,47.91382,-121.91655,red
2158801,0.0,47.07597,-122.83372,red
2200024,0.0,48.10885,-123.20013,red
2228305,4.488,47.76997,-122.28132,red
2109709,0.0,48.44527,-117.90061,red
2202291,0.0,48.09424,-123.1784,red
2117651,0.0,47.92542,-117.44396,red
2080532,20.0,48.37611,-120.19049,red
2141511,96.0,46.12739,-118.25483,blue
2268183,0.0,48.39182,-122.2812,red
2263070,0.0,47.78765,-122.68144,red
2162528,0.0,45.61996,-122.57459,red
2059838,0.0,46.19333,-119.82021,red
2259803,0.0,48.31815,-122.53935,red
2237067,0.0,48.34737,-122.62591,red
2096471,0.0,48.48861,-117.98985,red
2156487,0.0,47.03223,-122.79136,red
2049789,0.0,46.55601,-120.40671,red
2230290,0.0,47.73,-122.6387,red
2215922,30.0,47.25038,-122.17651,red
2074083,10.0,46.84835,-120.95926,red
2280864,150.0,48.20253,-122.12789,red
2036664,300.696,48.1573,-119.67649,red
2153127,0.0,46.81425,-122.49761,red
4326057,90.0,46.94529,-122.60093,red
4225978,0.0,47.94148,-117.35049,red
2176338,0.0,45.5708,-122.21824,red
6800839,8.976,48.29742,-117.12128,red
6799194,22.41,48.37364,-120.02447,red
2210972,4.488,47.3683,-123.00451,red
2271048,0.0,48.9136,-122.64939,red
2253917,0.0,47.36511,-122.04836,red
2217288,58.0,45.720965,-122.45019,red
2049076,0.0,48.6905,-119.67978,red
2210584,13.464,46.283235,-123.467145,red
2063065,0.0,46.2512,-119.92615,red
2034984,3060.0,46.1946,-119.35858,red
2236971,0.0,47.64299,-122.61821,red
2274655,112.2,48.26744,-121.67333,red
2037125,0.0,45.90393,-119.69692,red
2089147,30.5,47.80895,-117.5078,red
2182523,0.0,46.72917,-122.98178,red
2075069,0.0,47.70708,-119.9751,red
2045362,13.0,48.96594,-119.19741,red
2224301,30.0,48.31868,-122.66931,red
2108196,0.0,47.77964,-117.12255,red
2153084,448.8,47.22076,-122.36755,red
2079546,897.6,46.0139,-121.27896,red
2053391,0.0,47.54332,-120.12262,red
2186769,0.0,46.54901,-122.83567,red
2193318,0.0,47.00346,-122.87616,red
2182723,0.0,46.79995,-122.81326,red
2115066,20.0,47.54715,-117.96704,red
2167185,0.0,45.81738,-122.46575,red
2042335,0.0,46.33889,-120.24143,red
2164421,0.0,45.85957,-122.56872,red
2198219,0.0,47.19194,-122.15492,red
2237544,0.0,47.70122,-122.63856,red
2145129,500.0,47.13285,-119.28631,red
6799470,1200.0,47.79264,-117.39205,red
2054118,0.0,47.85139,-120.10438,red
2094524,250.0,47.03775,-119.54609,red
2080316,9.0,48.69609,-119.43718,red
2276462,4.488,47.55415,-122.08144,red
2147583,17.952,48.09418,-123.28626,red
2207106,53.856,46.8633,-122.4729,red
2050465,0.0,46.96278,-120.56997,red
2272278,0.8976000000000001,48.66135,-123.18489,red
2191651,0.0,47.26552,-123.0261,red
2086407,175.0,47.92392,-119.88827,red
2033117,220.0,45.73105,-121.12444,red
2240096,0.0,47.92766,-122.00197,red
2131803,8.976,47.77973,-117.10021,red
2051750,0.0,48.90821,-119.6145,red
6045389,7.0,47.1861,-120.73575,red
2245037,0.0,48.69596,-122.91167,red
2195776,0.0,46.2498,-122.9172,red
2270242,0.0,48.57237,-123.15911,red
2113194,0.0,47.76535,-117.10111,red
2172231,0.0,46.51197,-124.04381,red
6799881,650.0,47.05836,-118.95045,red
2036824,6732.0,48.34557,-119.31103,red
2172334,0.0,47.27918,-122.76973,red
2169335,0.0,46.97377,-123.56466,red
4259852,0.36,47.74794,-120.21154,red
2129209,9.963360000000002,48.78201,-118.57921,red
2272651,5.8344,48.41544,-122.29455,red
2120863,0.0,46.00316,-118.23142,blue
2142092,100.0,47.79451,-117.35755,red
User defined,1,46.284029445005906,-117.43436176488837,Green
